area_code,LA,County,hp_2018,hp_2019,hp_2020,hp_2021,hp_2022,hp_2023,hp_2024,hp_2025,hp_2026,hp_2027,hp_2028,hp_2029,hp_2030,hp_2031,hp_2032,hp_2033,hp_2034,hp_2035,hp_2036,hp_2037,hp_2038,hp_2039,med_aff_rat_2019,med_aff_rat_2018,med_aff_rat_2017
E07000223,Adur,West Sussex,28.803,29.093,29.384,29.678,29.979,30.285,30.596,30.902,31.217,31.533,31.858,32.181,32.509,32.834,33.164,33.487,33.805,34.123,34.442,34.763,35.076,35.377,11.6,11.9,11.73
E07000026,Allerdale,Cumbria ,43.311,43.463,43.573,43.68,43.791,43.892,43.995,44.079,44.161,44.25,44.336,44.416,44.48,44.548,44.58,44.626,44.669,44.695,44.731,44.745,44.753,44.752,6.69,6.64,6.43
E07000032,Amber Valley,Derbyshire ,55.337,55.735,56.12,56.499,56.861,57.219,57.572,57.91,58.247,58.569,58.893,59.203,59.512,59.808,60.076,60.342,60.589,60.828,61.044,61.244,61.432,61.61,5.95,5.87,5.44
E07000224,Arun,West Sussex,72.215,73.052,73.891,74.742,75.591,76.455,77.322,78.202,79.119,80.031,80.932,81.843,82.746,83.656,84.544,85.408,86.263,87.105,87.949,88.784,89.583,90.348,12.72,12.13,12.27
E07000170,Ashfield,Nottinghamshire ,54.577,55.098,55.608,56.108,56.582,57.043,57.495,57.933,58.36,58.762,59.16,59.555,59.95,60.331,60.702,61.067,61.425,61.778,62.125,62.476,62.81,63.135,5.74,5.06,5.52
E07000105,Ashford,Kent ,53.561,54.348,55.118,55.885,56.66,57.408,58.155,58.865,59.585,60.302,61.004,61.703,62.375,63.056,63.73,64.387,65.031,65.662,66.305,66.945,67.568,68.168,9.39,10.73,9.83
E07000004,Aylesbury Vale,Buckinghamshire ,78.079,79.246,80.357,81.421,82.437,83.467,84.505,85.503,86.491,87.456,88.433,89.413,90.359,91.296,92.203,93.103,93.992,94.846,95.689,96.516,97.308,98.063,10.37,11.2,11.08
E07000200,Babergh,Suffolk,39.628,39.946,40.249,40.552,40.851,41.141,41.445,41.741,42.036,42.33,42.608,42.878,43.149,43.414,43.652,43.891,44.125,44.352,44.582,44.8,45.005,45.204,10.95,11.39,11
E09000002,Barking and Dagenham,Outer London,80.293,81.896,83.521,85.126,86.726,88.34,89.914,91.497,93.086,94.688,96.27,97.79,99.305,100.816,102.327,103.811,105.24,106.663,108.09,109.561,110.995,112.38,11.03,10.12,10.72
E09000003,Barnet,Outer London,157.488,160.518,163.52,166.456,169.338,172.227,175.09,177.962,180.82,183.635,186.403,189.15,191.883,194.597,197.248,199.837,202.394,204.918,207.43,209.925,212.361,214.739,16.3,17.34,15.88
E08000016,Barnsley,South Yorkshire (Met County),107.688,108.604,109.46,110.356,111.206,112.041,112.867,113.661,114.49,115.306,116.113,116.91,117.689,118.49,119.291,120.055,120.758,121.417,122.081,122.736,123.356,123.939,4.84,5.14,4.86
E07000027,Barrow-in-Furness,Cumbria ,30.682,30.647,30.579,30.529,30.463,30.377,30.312,30.226,30.151,30.076,29.979,29.905,29.802,29.709,29.619,29.518,29.439,29.345,29.258,29.179,29.087,29.006,3.56,3.53,3.69
E07000066,Basildon,Essex ,78.667,79.509,80.328,81.102,81.86,82.61,83.375,84.124,84.869,85.608,86.354,87.106,87.83,88.57,89.312,90.058,90.795,91.502,92.221,92.955,93.68,94.381,9.35,10.59,10.48
E07000084,Basingstoke and Deane,Hampshire ,75.33,76.202,77.024,77.793,78.536,79.262,79.994,80.678,81.356,82.019,82.68,83.313,83.94,84.556,85.164,85.77,86.351,86.911,87.473,88.02,88.548,89.036,8.44,9.48,9.48
E07000171,Bassetlaw,Nottinghamshire ,49.969,50.298,50.619,50.904,51.177,51.445,51.71,51.968,52.212,52.444,52.68,52.909,53.133,53.35,53.549,53.748,53.939,54.113,54.286,54.45,54.601,54.74,6.35,6.21,6.04
E06000022,Bath and North East Somerset UA,N/a,77.23,77.708,78.122,78.551,78.943,79.349,79.801,80.262,80.765,81.275,81.78,82.293,82.798,83.327,83.85,84.322,84.76,85.174,85.597,86.024,86.423,86.799,10.16,10.84,11.1
E06000055,Bedford UA,N/a,71.179,72.201,73.182,74.185,75.168,76.152,77.145,78.113,79.108,80.093,81.076,82.065,83.033,83.992,84.936,85.87,86.808,87.721,88.648,89.579,90.499,91.398,9.2,9.82,9.33
E09000004,Bexley,Outer London,100.338,101.601,102.84,104.115,105.33,106.565,107.804,109.049,110.344,111.619,112.902,114.198,115.506,116.834,118.143,119.441,120.731,122.032,123.365,124.721,126.047,127.346,11.22,11.36,11.04
E08000025,Birmingham,West Midlands (Met County),439.997,444.297,448.709,453.146,457.491,461.839,466.292,470.837,475.529,480.23,484.935,489.561,494.092,498.65,503.23,507.656,511.98,516.206,520.524,524.939,529.286,533.52,5.87,5.59,5.59
E07000129,Blaby,Leicestershire ,40.686,41.016,41.328,41.611,41.88,42.154,42.439,42.708,42.984,43.248,43.521,43.801,44.074,44.344,44.601,44.862,45.098,45.32,45.545,45.763,45.981,46.178,8.13,7.46,7.52
E06000008,Blackburn with Darwen UA,N/a,57.806,57.959,58.121,58.256,58.418,58.567,58.715,58.875,59.016,59.182,59.332,59.47,59.603,59.709,59.833,59.946,60.036,60.127,60.198,60.279,60.355,60.406,4.64,4.96,4.46
E06000009,Blackpool UA,N/a,64.001,64.086,64.165,64.243,64.34,64.426,64.533,64.648,64.76,64.898,65.037,65.185,65.338,65.482,65.637,65.802,65.976,66.151,66.337,66.534,66.728,66.907,4.48,4.62,4.71
E07000033,Bolsover,Derbyshire ,34.388,34.647,34.89,35.127,35.345,35.56,35.79,35.996,36.203,36.386,36.577,36.761,36.93,37.101,37.258,37.425,37.573,37.712,37.865,38.022,38.175,38.308,5.55,5.38,5.57
E08000001,Bolton,Greater Manchester (Met County),121.133,121.916,122.668,123.434,124.201,124.927,125.66,126.35,127.075,127.794,128.474,129.167,129.836,130.512,131.184,131.798,132.418,133.002,133.605,134.221,134.797,135.353,5.32,5.36,5.23
E07000136,Boston,Lincolnshire,29.111,29.355,29.594,29.81,30.012,30.216,30.427,30.639,30.846,31.06,31.281,31.499,31.716,31.923,32.132,32.337,32.534,32.724,32.912,33.101,33.281,33.447,6.78,6.92,7.09
E06000028,Bournemouth UA,N/a,91.311,92.46,93.576,94.673,95.731,96.794,97.891,99.006,100.152,101.304,102.461,103.591,104.71,105.832,106.942,107.986,108.997,109.985,110.98,111.987,112.954,113.881,9.51,8.44,8.68
E06000036,Bracknell Forest UA,N/a,50.499,51.068,51.588,52.089,52.563,53.059,53.542,54.001,54.443,54.877,55.316,55.759,56.191,56.608,57.02,57.426,57.817,58.194,58.561,58.914,59.256,59.58,9.33,8.97,9.17
E08000032,Bradford,West Yorkshire (Met County),208.961,210.546,212.133,213.692,215.203,216.75,218.32,219.888,221.524,223.139,224.777,226.381,227.953,229.467,230.938,232.404,233.833,235.222,236.605,237.975,239.304,240.563,5.23,5.21,5.15
E07000067,Braintree,Essex ,65.547,66.231,66.869,67.524,68.169,68.792,69.434,70.042,70.667,71.273,71.863,72.453,73.035,73.635,74.203,74.766,75.312,75.856,76.39,76.907,77.395,77.866,10.25,10.17,9.5
E07000143,Breckland,Norfolk,58.813,59.38,59.929,60.473,60.989,61.5,62.017,62.521,63.041,63.555,64.058,64.557,65.05,65.549,66.011,66.477,66.927,67.366,67.797,68.214,68.61,68.991,8.65,9.04,9.26
E09000005,Brent,Outer London,126.166,128.286,130.386,132.434,134.408,136.379,138.303,140.216,142.13,143.979,145.783,147.554,149.295,150.987,152.636,154.231,155.792,157.335,158.881,160.426,161.926,163.403,15.71,16.3,15.86
E07000068,Brentwood,Essex ,32.9,33.243,33.574,33.878,34.192,34.507,34.836,35.159,35.483,35.811,36.137,36.475,36.811,37.156,37.496,37.846,38.195,38.537,38.884,39.243,39.592,39.935,12.24,13.3,11.23
E06000043,Brighton and Hove UA,N/a,130.788,132.069,133.311,134.574,135.736,136.9,138.1,139.309,140.604,141.861,143.107,144.342,145.559,146.804,148.052,149.243,150.37,151.479,152.59,153.694,154.757,155.787,12,12.5,12.28
E06000023,"Bristol, City of UA",N/a,196.733,198.797,200.791,202.692,204.441,206.213,208.029,209.846,211.685,213.483,215.333,217.173,219.029,220.931,222.877,224.723,226.485,228.253,230.034,231.834,233.578,235.255,8.77,8.74,8.99
E07000144,Broadland,Norfolk,55.885,56.305,56.727,57.132,57.517,57.905,58.303,58.71,59.101,59.497,59.887,60.273,60.663,61.031,61.394,61.739,62.075,62.397,62.704,63.003,63.282,63.546,9.01,9.23,9.75
E09000006,Bromley,Outer London,142.436,144.238,146.055,147.88,149.699,151.566,153.441,155.355,157.312,159.278,161.26,163.249,165.238,167.237,169.21,171.16,173.086,174.984,176.88,178.759,180.598,182.404,13.77,14.26,14.57
E07000234,Bromsgrove,Worcestershire ,39.986,40.238,40.496,40.756,41.006,41.268,41.537,41.821,42.108,42.395,42.671,42.955,43.244,43.522,43.785,44.042,44.286,44.525,44.75,44.977,45.194,45.396,10.05,10.6,10.24
E07000095,Broxbourne,Hertfordshire,40.401,40.81,41.216,41.607,42.011,42.411,42.813,43.215,43.62,44.03,44.436,44.843,45.257,45.686,46.127,46.557,46.982,47.402,47.834,48.275,48.701,49.115,11.53,11.2,11.41
E07000172,Broxtowe,Nottinghamshire ,49.329,49.678,50.019,50.339,50.656,50.959,51.27,51.58,51.895,52.222,52.538,52.845,53.154,53.47,53.778,54.081,54.361,54.639,54.922,55.207,55.47,55.719,6.77,6.88,5.98
E07000117,Burnley,Lancashire ,38.029,38.11,38.183,38.263,38.322,38.388,38.44,38.495,38.555,38.615,38.686,38.74,38.801,38.846,38.88,38.918,38.949,38.975,38.993,39.011,39.024,39.033,4.08,3.99,3.77
E08000002,Bury,Greater Manchester (Met County),81.58,82.16,82.726,83.265,83.777,84.286,84.8,85.317,85.839,86.335,86.836,87.335,87.832,88.336,88.812,89.29,89.744,90.182,90.612,91.027,91.424,91.812,6.82,6.2,6.51
E08000033,Calderdale,West Yorkshire (Met County),94.281,95.094,95.915,96.707,97.468,98.237,98.989,99.751,100.509,101.232,101.952,102.639,103.323,103.979,104.61,105.238,105.836,106.439,107.027,107.61,108.174,108.697,5.27,5.07,5.01
E07000008,Cambridge,Cambridgeshire ,50.733,51.149,51.53,51.918,52.276,52.649,53.066,53.481,53.945,54.404,54.863,55.326,55.784,56.256,56.728,57.153,57.549,57.943,58.358,58.776,59.18,59.562,12.76,12.95,13.46
E09000007,Camden,Inner London,113.842,115.73,117.499,119.193,120.843,122.48,124.111,125.744,127.395,129.011,130.582,132.108,133.595,135.067,136.507,137.854,139.148,140.409,141.648,142.844,144.015,145.156,19.16,19.41,19.95
E07000192,Cannock Chase,Staffordshire ,42.828,43.12,43.374,43.645,43.912,44.148,44.397,44.625,44.87,45.102,45.322,45.541,45.733,45.946,46.128,46.305,46.459,46.601,46.739,46.865,46.988,47.102,6.71,6.31,6.23
E07000106,Canterbury,Kent ,66.596,67.36,68.088,68.833,69.566,70.305,71.086,71.882,72.723,73.555,74.384,75.211,76.041,76.89,77.722,78.488,79.236,79.986,80.752,81.522,82.267,82.995,10.65,10.96,11.03
E07000028,Carlisle,Cumbria ,49.834,50.048,50.226,50.423,50.616,50.793,50.984,51.143,51.332,51.501,51.683,51.857,52.013,52.181,52.336,52.477,52.617,52.737,52.862,52.983,53.089,53.18,5.29,5.46,5.27
E07000069,Castle Point,Essex ,37.84,38.095,38.327,38.568,38.809,39.061,39.317,39.565,39.837,40.102,40.364,40.615,40.854,41.106,41.324,41.569,41.813,42.048,42.31,42.565,42.834,43.087,10.72,10.66,11.6
E06000056,Central Bedfordshire UA,N/a,118.926,120.878,122.743,124.594,126.387,128.161,129.905,131.597,133.287,134.946,136.592,138.217,139.818,141.432,143.014,144.585,146.107,147.599,149.097,150.577,152.012,153.409,10.36,10.86,10.44
E07000130,Charnwood,Leicestershire ,73.534,74.461,75.358,76.252,77.089,77.944,78.852,79.765,80.69,81.618,82.556,83.464,84.366,85.282,86.151,86.968,87.728,88.474,89.239,90.002,90.748,91.47,7.62,7.23,7.3
E07000070,Chelmsford,Essex ,74.572,75.316,76.004,76.696,77.387,78.037,78.698,79.337,79.982,80.617,81.249,81.871,82.494,83.131,83.745,84.351,84.95,85.532,86.12,86.703,87.271,87.822,11.32,11.71,11.38
E07000078,Cheltenham,Gloucestershire ,53.386,53.83,54.244,54.654,55.051,55.454,55.869,56.261,56.67,57.085,57.494,57.923,58.347,58.781,59.215,59.632,60.051,60.455,60.865,61.277,61.664,62.028,8.72,8.97,8.98
E07000177,Cherwell,Oxfordshire,60.933,61.533,62.135,62.698,63.256,63.817,64.364,64.907,65.434,65.956,66.481,66.997,67.526,68.063,68.582,69.09,69.58,70.069,70.56,71.034,71.485,71.92,10.43,9.73,9.75
E06000049,Cheshire East UA,N/a,166.785,167.787,168.781,169.727,170.62,171.511,172.371,173.214,174.083,174.949,175.784,176.583,177.345,178.132,178.857,179.564,180.213,180.807,181.383,181.928,182.421,182.884,7.95,7.95,7.57
E06000050,Cheshire West and Chester UA,N/a,145.676,146.311,146.93,147.518,148.072,148.608,149.107,149.597,150.093,150.553,151.011,151.437,151.865,152.311,152.743,153.15,153.495,153.796,154.096,154.387,154.639,154.851,6.92,6.99,7.22
E07000034,Chesterfield,Derbyshire ,48.408,48.68,48.931,49.172,49.396,49.617,49.84,50.053,50.256,50.444,50.645,50.841,51.019,51.2,51.371,51.531,51.68,51.816,51.948,52.063,52.167,52.256,5.57,5.75,5.69
E07000225,Chichester,West Sussex,52.795,53.299,53.801,54.307,54.814,55.335,55.869,56.399,56.951,57.506,58.065,58.625,59.177,59.729,60.265,60.79,61.301,61.805,62.324,62.843,63.348,63.833,13.18,13.1,13.49
E07000005,Chiltern,Buckinghamshire ,38.324,38.537,38.761,38.984,39.209,39.444,39.681,39.927,40.176,40.42,40.676,40.943,41.208,41.48,41.755,42.023,42.283,42.537,42.791,43.035,43.279,43.513,17.62,18.57,18.04
E07000118,Chorley,Lancashire ,49.477,50.049,50.611,51.169,51.692,52.194,52.688,53.167,53.667,54.146,54.602,55.032,55.446,55.872,56.248,56.616,56.975,57.313,57.664,57.988,58.287,58.566,6.83,6.6,6.82
E07000048,Christchurch,Dorset ,22.666,22.883,23.103,23.329,23.564,23.795,24.053,24.309,24.566,24.839,25.101,25.373,25.643,25.91,26.167,26.416,26.661,26.898,27.128,27.36,27.582,27.798,10.06,12.95,13.04
E09000001,City of London,Inner London,5.169,5.245,5.317,5.382,5.451,5.522,5.592,5.66,5.728,5.793,5.857,5.925,5.994,6.061,6.129,6.198,6.265,6.331,6.397,6.462,6.525,6.586,14.9,14.29,14.83
E07000071,Colchester,Essex ,78.653,79.54,80.381,81.257,82.077,82.88,83.689,84.472,85.277,86.058,86.839,87.617,88.388,89.171,89.942,90.698,91.423,92.127,92.832,93.525,94.204,94.858,9.54,9.51,8.89
E07000029,Copeland,Cumbria ,30.742,30.782,30.809,30.85,30.885,30.908,30.908,30.906,30.928,30.94,30.947,30.933,30.922,30.934,30.926,30.908,30.879,30.848,30.837,30.827,30.815,30.779,2.78,2.5,2.71
E07000150,Corby,Northamptonshire,28.748,29.201,29.64,30.072,30.49,30.912,31.34,31.752,32.178,32.602,33.021,33.447,33.863,34.285,34.702,35.115,35.526,35.925,36.325,36.705,37.082,37.453,7.17,6.68,6.29
E06000052,Cornwall UA,N/a,245.765,248.003,250.178,252.412,254.577,256.714,258.898,261.026,263.256,265.466,267.572,269.657,271.671,273.708,275.629,277.464,279.234,280.918,282.663,284.374,285.988,287.527,8.99,9.27,8.96
E07000079,Cotswold,Gloucestershire ,38.304,38.61,38.918,39.204,39.501,39.802,40.11,40.422,40.729,41.041,41.352,41.666,41.976,42.28,42.574,42.849,43.112,43.37,43.623,43.87,44.098,44.31,13.47,13.63,14
E06000047,County Durham UA,N/a,232.552,233.93,235.318,236.693,237.926,239.144,240.363,241.592,242.908,244.141,245.338,246.442,247.561,248.67,249.661,250.619,251.491,252.349,253.23,254.072,254.889,255.612,4.54,4.48,4.46
E08000026,Coventry,West Midlands (Met County),146.199,148.437,150.596,152.73,154.763,156.83,158.929,161.008,163.16,165.288,167.43,169.52,171.622,173.73,175.801,177.788,179.714,181.658,183.639,185.645,187.62,189.562,6.08,5.64,5.49
E07000163,Craven,North Yorkshire ,25.354,25.467,25.588,25.718,25.837,25.957,26.075,26.201,26.339,26.461,26.577,26.691,26.814,26.929,27.03,27.121,27.207,27.292,27.375,27.449,27.511,27.566,7.62,7.54,7.91
E07000226,Crawley,West Sussex,46.786,47.386,47.944,48.516,49.081,49.653,50.227,50.78,51.361,51.935,52.508,53.083,53.65,54.218,54.779,55.333,55.879,56.414,56.954,57.485,58.006,58.513,9.05,9.11,8.89
E09000008,Croydon,Outer London,162.231,164.763,167.274,169.817,172.292,174.768,177.231,179.696,182.187,184.65,187.085,189.489,191.859,194.22,196.528,198.812,201.098,203.367,205.663,207.959,210.209,212.406,11.07,11.13,11.21
E07000096,Dacorum,Hertfordshire,65.36,66.156,66.908,67.664,68.401,69.134,69.859,70.577,71.317,72.032,72.753,73.48,74.213,74.953,75.675,76.401,77.114,77.828,78.541,79.241,79.928,80.595,12.21,12.27,12.77
E06000005,Darlington UA,N/a,47.621,47.808,47.984,48.168,48.339,48.479,48.634,48.783,48.944,49.1,49.251,49.393,49.541,49.687,49.823,49.948,50.07,50.195,50.324,50.442,50.544,50.635,5,5.32,5.23
E07000107,Dartford,Kent ,44.632,45.277,45.896,46.509,47.095,47.693,48.28,48.865,49.447,50.007,50.585,51.161,51.746,52.339,52.936,53.537,54.124,54.711,55.3,55.899,56.478,57.05,9.23,9.67,9.97
E07000151,Daventry,Northamptonshire,33.617,33.918,34.212,34.499,34.767,35.033,35.306,35.572,35.843,36.098,36.349,36.593,36.834,37.075,37.293,37.506,37.717,37.917,38.125,38.323,38.511,38.685,9.22,10.27,10.11
E06000015,Derby UA,N/a,107.632,108.514,109.391,110.274,111.098,111.933,112.791,113.637,114.511,115.399,116.303,117.2,118.081,118.939,119.807,120.65,121.459,122.228,123.013,123.807,124.584,125.34,4.22,4.26,4.48
E07000035,Derbyshire Dales,Derbyshire ,31.837,32.009,32.188,32.377,32.552,32.735,32.906,33.07,33.25,33.415,33.582,33.738,33.888,34.043,34.171,34.298,34.412,34.52,34.625,34.717,34.802,34.875,9.66,9.21,9.28
E08000017,Doncaster,South Yorkshire (Met County),130.752,131.355,131.913,132.481,132.987,133.505,134.023,134.526,135.057,135.55,136.071,136.591,137.085,137.577,138.038,138.515,138.968,139.358,139.747,140.112,140.455,140.768,4.89,4.81,5.21
E07000108,Dover,Kent ,51.312,51.803,52.275,52.756,53.238,53.715,54.196,54.666,55.159,55.64,56.103,56.555,56.988,57.435,57.838,58.235,58.632,59.031,59.446,59.847,60.228,60.595,8.22,9.19,7.96
E08000027,Dudley ,West Midlands (Met County),133.181,133.733,134.254,134.789,135.331,135.84,136.404,136.958,137.558,138.136,138.674,139.239,139.791,140.36,140.896,141.444,141.98,142.508,143.054,143.623,144.175,144.715,6.38,6.22,6.09
E09000009,Ealing,Outer London,135.637,137.4,139.127,140.904,142.599,144.304,146.002,147.686,149.433,151.115,152.765,154.395,155.995,157.603,159.15,160.664,162.155,163.637,165.131,166.604,168.063,169.474,15.31,15.54,15.96
E07000009,East Cambridgeshire,Cambridgeshire ,37.709,38.175,38.631,39.066,39.503,39.948,40.388,40.815,41.226,41.651,42.075,42.503,42.924,43.327,43.738,44.13,44.513,44.886,45.26,45.625,45.989,46.332,10.24,10.7,9.86
E07000040,East Devon,Devon ,63.129,63.727,64.33,64.953,65.594,66.244,66.905,67.565,68.251,68.938,69.613,70.285,70.94,71.59,72.206,72.813,73.408,73.976,74.541,75.098,75.63,76.147,10.47,9.97,9.84
E07000049,East Dorset,Dorset ,39.148,39.43,39.708,40.006,40.304,40.609,40.928,41.247,41.58,41.917,42.254,42.589,42.922,43.254,43.573,43.881,44.178,44.467,44.752,45.036,45.304,45.564,10.06,12,13.23
E07000085,East Hampshire,Hampshire ,49.99,50.404,50.817,51.219,51.628,52.029,52.433,52.825,53.222,53.611,53.991,54.37,54.74,55.102,55.442,55.776,56.111,56.431,56.753,57.075,57.373,57.656,13.41,12.65,12.38
E07000242,East Hertfordshire,Hertfordshire,62.723,63.609,64.422,65.195,65.969,66.73,67.495,68.237,68.969,69.706,70.426,71.168,71.897,72.628,73.343,74.053,74.763,75.46,76.16,76.859,77.531,78.187,12.5,12.38,12.97
E07000137,East Lindsey,Lincolnshire,62.985,63.339,63.675,64.017,64.337,64.686,65.043,65.405,65.799,66.169,66.562,66.935,67.315,67.687,68.022,68.36,68.683,68.996,69.304,69.6,69.879,70.146,6.6,6.5,6.58
E07000152,East Northamptonshire,Northamptonshire,38.383,38.761,39.152,39.511,39.875,40.239,40.604,40.973,41.344,41.719,42.093,42.461,42.824,43.191,43.545,43.886,44.218,44.541,44.852,45.153,45.437,45.706,7.92,8.45,8.19
E06000011,East Riding of Yorkshire UA,N/a,148.884,149.789,150.645,151.505,152.35,153.173,153.966,154.746,155.56,156.355,157.114,157.819,158.502,159.182,159.79,160.376,160.895,161.36,161.797,162.191,162.531,162.824,6.5,6.64,6.6
E07000193,East Staffordshire,Staffordshire ,50.179,50.575,50.983,51.36,51.736,52.096,52.462,52.836,53.211,53.582,53.943,54.316,54.683,55.049,55.405,55.75,56.095,56.416,56.728,57.039,57.33,57.61,6.58,6.6,6.29
E07000061,Eastbourne,East Sussex ,48.13,48.619,49.102,49.6,50.089,50.588,51.115,51.642,52.2,52.762,53.317,53.888,54.46,55.035,55.602,56.158,56.701,57.236,57.772,58.298,58.803,59.285,8.17,8.27,9.31
E07000086,Eastleigh,Hampshire ,56.077,56.653,57.206,57.742,58.269,58.792,59.319,59.817,60.317,60.811,61.299,61.792,62.27,62.753,63.204,63.655,64.097,64.529,64.95,65.351,65.731,66.1,9.94,10.44,9.64
E07000030,Eden,Cumbria ,23.633,23.731,23.818,23.906,23.998,24.07,24.148,24.226,24.301,24.377,24.45,24.516,24.58,24.64,24.686,24.733,24.77,24.803,24.833,24.864,24.899,24.926,7.86,8.57,7.49
E07000207,Elmbridge,Surrey,55.092,55.541,55.969,56.395,56.822,57.268,57.714,58.165,58.623,59.079,59.543,60.012,60.488,60.971,61.44,61.914,62.375,62.832,63.289,63.742,64.19,64.628,15.88,15.8,16.44
E09000010,Enfield,Outer London,135.754,138.141,140.552,142.939,145.31,147.641,149.972,152.312,154.679,156.986,159.265,161.551,163.819,166.078,168.292,170.471,172.649,174.797,176.947,179.102,181.225,183.309,14.51,13.63,13.94
E07000072,Epping Forest,Essex ,56.168,56.821,57.476,58.127,58.784,59.447,60.107,60.781,61.458,62.172,62.862,63.564,64.283,65.006,65.735,66.457,67.176,67.896,68.63,69.372,70.104,70.807,13.68,14.4,14.49
E07000208,Epsom and Ewell,Surrey,32.602,33.011,33.438,33.845,34.251,34.665,35.07,35.487,35.897,36.311,36.725,37.141,37.558,37.967,38.366,38.756,39.136,39.513,39.889,40.264,40.629,40.985,16.38,16.83,17.8
E07000036,Erewash,Derbyshire ,51.404,51.798,52.189,52.566,52.921,53.266,53.626,53.962,54.3,54.643,54.973,55.315,55.638,55.972,56.298,56.618,56.94,57.247,57.567,57.891,58.198,58.498,6.19,5.86,5.48
E07000041,Exeter,Devon ,54.511,55.04,55.578,56.098,56.567,57.013,57.492,57.981,58.484,58.992,59.489,59.977,60.471,60.972,61.465,61.916,62.348,62.784,63.239,63.702,64.141,64.558,8.45,8.67,8.45
E07000087,Fareham,Hampshire ,49.494,49.909,50.315,50.729,51.118,51.511,51.919,52.308,52.713,53.099,53.471,53.845,54.212,54.584,54.925,55.253,55.577,55.896,56.224,56.538,56.831,57.109,9.09,9.12,9.85
E07000010,Fenland,Cambridgeshire ,43.819,44.294,44.731,45.17,45.581,46.002,46.444,46.869,47.308,47.747,48.177,48.597,49.013,49.431,49.836,50.237,50.632,51.018,51.404,51.791,52.163,52.515,8.1,8.45,7.14
E07000201,Forest Heath,Suffolk,27.33,27.635,27.934,28.227,28.519,28.793,29.073,29.356,29.638,29.918,30.186,30.456,30.734,31.017,31.294,31.564,31.827,32.082,32.337,32.585,32.823,33.046,9.07,8.56,8.6
E07000080,Forest of Dean,Gloucestershire ,36.375,36.686,37.004,37.303,37.593,37.887,38.178,38.462,38.743,39.001,39.257,39.51,39.765,40.015,40.24,40.451,40.65,40.849,41.044,41.231,41.406,41.564,9.44,9.09,8.74
E07000119,Fylde,Lancashire ,36.908,37.181,37.454,37.719,37.989,38.248,38.5,38.757,39.011,39.256,39.493,39.714,39.953,40.19,40.407,40.628,40.827,41.028,41.229,41.422,41.599,41.756,5.43,5.36,5.74
E08000037,Gateshead,Tyne and Wear (Met County),91.637,92.089,92.538,93.024,93.469,93.882,94.276,94.665,95.089,95.494,95.865,96.239,96.631,97.049,97.444,97.821,98.204,98.581,98.968,99.353,99.693,99.995,5.4,5.32,5.22
E07000173,Gedling,Nottinghamshire ,52.143,52.586,52.989,53.412,53.817,54.217,54.628,55.024,55.433,55.828,56.217,56.609,57.001,57.397,57.774,58.137,58.5,58.851,59.2,59.541,59.866,60.193,6.25,5.35,5.4
E07000081,Gloucester,Gloucestershire ,54.727,55.354,55.93,56.515,57.079,57.634,58.207,58.753,59.318,59.863,60.427,60.975,61.514,62.071,62.619,63.161,63.666,64.167,64.69,65.215,65.727,66.198,6.86,6.68,6.29
E07000088,Gosport,Hampshire ,37.567,37.852,38.13,38.397,38.651,38.907,39.195,39.477,39.77,40.07,40.36,40.66,40.951,41.216,41.463,41.693,41.916,42.14,42.356,42.569,42.766,42.946,7.52,7.44,7.83
E07000109,Gravesham,Kent ,44.183,44.709,45.231,45.749,46.27,46.78,47.284,47.782,48.298,48.812,49.319,49.816,50.315,50.819,51.319,51.81,52.297,52.778,53.272,53.774,54.261,54.747,8.62,9.56,9.26
E07000145,Great Yarmouth,Norfolk,44.194,44.523,44.852,45.182,45.48,45.775,46.087,46.4,46.718,47.045,47.36,47.659,47.972,48.268,48.558,48.845,49.13,49.41,49.687,49.967,50.247,50.513,6.33,6.52,6.2
E09000011,Greenwich,Outer London,117.937,120.178,122.359,124.527,126.593,128.676,130.726,132.764,134.82,136.809,138.786,140.705,142.583,144.458,146.288,148.085,149.838,151.578,153.332,155.081,156.819,158.524,13.83,12.95,12.9
E07000209,Guildford,Surrey,58.862,59.479,60.063,60.625,61.146,61.67,62.198,62.703,63.222,63.72,64.23,64.741,65.243,65.755,66.242,66.723,67.196,67.665,68.14,68.61,69.067,69.505,12.3,12.53,12.53
E09000012,Hackney,Inner London,120.501,122.89,125.303,127.653,129.943,132.211,134.383,136.581,138.762,140.863,142.892,144.845,146.763,148.677,150.544,152.355,154.127,155.884,157.618,159.333,161.054,162.737,16.56,15.68,15.91
E06000006,Halton UA,N/a,55.417,55.728,56.013,56.297,56.55,56.783,57.028,57.264,57.5,57.722,57.939,58.14,58.352,58.545,58.71,58.866,58.994,59.114,59.237,59.339,59.43,59.497,4.83,4.85,4.75
E07000164,Hambleton,North Yorkshire ,39.672,39.872,40.07,40.253,40.417,40.575,40.729,40.893,41.047,41.186,41.318,41.435,41.564,41.678,41.768,41.855,41.924,41.995,42.051,42.095,42.136,42.166,8.96,9.09,9.52
E09000013,Hammersmith and Fulham,Inner London,84.209,84.945,85.642,86.34,87.003,87.656,88.301,88.936,89.626,90.28,90.914,91.551,92.176,92.819,93.46,94.061,94.665,95.241,95.81,96.353,96.879,97.377,19.48,19.4,20.86
E07000131,Harborough,Leicestershire ,38.047,38.491,38.931,39.345,39.733,40.126,40.525,40.919,41.306,41.679,42.051,42.425,42.788,43.158,43.501,43.846,44.178,44.492,44.797,45.091,45.377,45.659,10.81,10.05,9.66
E09000014,Haringey,Inner London,119.221,121.366,123.468,125.551,127.588,129.596,131.573,133.532,135.509,137.415,139.289,141.112,142.915,144.689,146.407,148.074,149.726,151.366,153.023,154.67,156.285,157.856,17.01,17.62,16.8
E07000073,Harlow,Essex ,36.896,37.275,37.619,37.952,38.285,38.633,39.003,39.357,39.713,40.07,40.449,40.821,41.195,41.567,41.953,42.348,42.733,43.123,43.523,43.924,44.339,44.728,9.17,9.49,9.06
E07000165,Harrogate,North Yorkshire ,69.141,69.377,69.675,69.971,70.266,70.536,70.785,71.072,71.379,71.666,71.931,72.177,72.445,72.714,72.946,73.173,73.388,73.6,73.812,74.006,74.172,74.32,9.04,10.13,10.36
E09000015,Harrow,Outer London,94.25,95.708,97.134,98.516,99.865,101.254,102.636,103.991,105.343,106.667,107.979,109.284,110.562,111.814,113.038,114.239,115.439,116.63,117.823,119.01,120.184,121.341,14.17,15.42,15.98
E07000089,Hart,Hampshire ,37.512,37.728,37.948,38.16,38.354,38.557,38.765,38.973,39.185,39.379,39.578,39.775,39.972,40.174,40.367,40.566,40.757,40.942,41.128,41.305,41.476,41.641,10.58,12.32,11.99
E06000001,Hartlepool UA,N/a,42.314,42.545,42.785,43.006,43.197,43.354,43.504,43.674,43.861,44.028,44.181,44.335,44.483,44.649,44.798,44.933,45.053,45.166,45.288,45.395,45.483,45.559,4.92,4.73,4.68
E07000062,Hastings,East Sussex ,42.959,43.261,43.552,43.874,44.187,44.5,44.826,45.147,45.504,45.856,46.214,46.566,46.912,47.281,47.624,47.974,48.326,48.665,49.022,49.383,49.728,50.055,9.48,8.83,8.54
E07000090,Havant,Hampshire ,53.559,53.923,54.276,54.635,54.976,55.316,55.686,56.054,56.434,56.798,57.165,57.55,57.948,58.339,58.7,59.054,59.415,59.769,60.123,60.466,60.795,61.121,9.95,9.43,9.2
E09000016,Havering,Outer London,104.802,106.092,107.424,108.735,110.047,111.364,112.717,114.074,115.446,116.821,118.221,119.648,121.07,122.53,124.002,125.473,126.97,128.46,129.984,131.563,133.115,134.655,11.29,11.95,12.01
E06000019,"Herefordshire, County of UA",N/a,83.388,84.122,84.827,85.51,86.173,86.845,87.518,88.168,88.813,89.431,90.035,90.617,91.182,91.731,92.226,92.717,93.182,93.635,94.09,94.528,94.95,95.332,9.31,9.82,9.49
E07000098,Hertsmere,Hertfordshire,42.76,43.279,43.788,44.29,44.792,45.302,45.813,46.321,46.836,47.347,47.86,48.38,48.905,49.437,49.96,50.49,51.031,51.572,52.12,52.678,53.229,53.771,14.06,14.29,14.22
E07000037,High Peak,Derbyshire ,40.583,40.84,41.074,41.312,41.547,41.78,42.007,42.221,42.433,42.642,42.848,43.052,43.237,43.426,43.599,43.756,43.9,44.034,44.156,44.265,44.371,44.473,7.42,7.81,7.15
E09000017,Hillingdon,Outer London,115.763,117.748,119.722,121.685,123.612,125.548,127.459,129.391,131.358,133.311,135.266,137.156,139.04,140.89,142.705,144.473,146.197,147.908,149.636,151.364,153.062,154.702,11.78,13.18,12.34
E07000132,Hinckley and Bosworth,Leicestershire ,48.167,48.586,48.985,49.382,49.75,50.139,50.541,50.921,51.309,51.672,52.037,52.406,52.762,53.113,53.455,53.781,54.076,54.351,54.617,54.868,55.112,55.334,7.13,7.14,7.36
E07000227,Horsham,West Sussex,59.086,59.734,60.364,60.969,61.577,62.186,62.794,63.388,63.974,64.548,65.125,65.706,66.28,66.854,67.424,67.972,68.515,69.047,69.573,70.09,70.576,71.048,12.87,13.86,13.78
E09000018,Hounslow,Outer London,110.144,112.173,114.158,116.097,117.965,119.834,121.659,123.455,125.259,127.013,128.737,130.411,132.047,133.666,135.249,136.799,138.314,139.82,141.337,142.855,144.353,145.798,11.32,11.38,11.08
E07000011,Huntingdonshire,Cambridgeshire ,75.489,76.346,77.169,77.962,78.758,79.524,80.282,81.018,81.744,82.463,83.142,83.827,84.496,85.146,85.791,86.416,87.022,87.605,88.167,88.731,89.264,89.776,9.31,9.44,8.76
E07000120,Hyndburn,Lancashire ,34.587,34.668,34.737,34.806,34.853,34.906,34.955,35.018,35.075,35.126,35.186,35.24,35.3,35.344,35.379,35.418,35.454,35.486,35.512,35.537,35.569,35.59,3.7,4.35,4.14
E07000202,Ipswich,Suffolk,60.275,60.672,61.074,61.455,61.843,62.189,62.565,62.943,63.321,63.696,64.068,64.454,64.853,65.254,65.651,66.039,66.423,66.791,67.156,67.512,67.845,68.163,7.44,6.84,6.77
E06000046,Isle of Wight UA,N/a,64.016,64.559,65.056,65.609,66.108,66.628,67.181,67.711,68.29,68.831,69.364,69.886,70.409,70.94,71.417,71.89,72.351,72.795,73.254,73.703,74.127,74.535,8.56,8.21,8.2
E06000053,Isles of Scilly UA,N/a,0.987,0.982,0.972,0.968,0.962,0.957,0.954,0.954,0.951,0.951,0.948,0.944,0.941,0.94,0.935,0.934,0.931,0.929,0.923,0.921,0.919,0.917,17.71,0,0
E09000019,Islington,Inner London,110.139,112.123,114.017,115.846,117.578,119.265,120.911,122.551,124.224,125.845,127.427,128.973,130.509,132.059,133.599,135.096,136.549,137.977,139.404,140.793,142.154,143.481,14.61,14.49,15.69
E09000020,Kensington and Chelsea,Inner London,79.676,79.93,80.13,80.366,80.578,80.844,81.14,81.438,81.798,82.144,82.499,82.869,83.223,83.602,83.974,84.323,84.679,85.018,85.354,85.683,86.006,86.336,39.62,44.51,40.69
E07000153,Kettering,Northamptonshire,43.109,43.59,44.049,44.512,44.963,45.387,45.824,46.255,46.689,47.119,47.537,47.959,48.379,48.8,49.213,49.622,50.023,50.418,50.798,51.169,51.526,51.872,7.42,7.81,7.02
E07000146,King’s Lynn and West Norfolk,Norfolk,65.961,66.396,66.831,67.274,67.709,68.165,68.606,69.047,69.508,69.968,70.426,70.858,71.279,71.701,72.11,72.518,72.899,73.262,73.633,74.002,74.363,74.703,7.37,7.89,7.91
E06000010,"Kingston upon Hull, City of UA",N/a,115.82,116.271,116.62,117.057,117.451,117.786,118.164,118.488,118.896,119.317,119.724,120.128,120.504,120.914,121.354,121.734,122.093,122.397,122.736,123.087,123.389,123.651,4.36,4.36,4.58
E09000021,Kingston upon Thames,Outer London,72.365,73.464,74.54,75.616,76.659,77.715,78.791,79.87,80.984,82.083,83.176,84.263,85.324,86.393,87.426,88.418,89.378,90.317,91.25,92.174,93.064,93.93,15.25,16.09,15.46
E08000034,Kirklees ,West Yorkshire (Met County),184.201,185.762,187.303,188.895,190.442,191.969,193.458,194.926,196.465,197.96,199.43,200.867,202.237,203.649,204.967,206.267,207.529,208.712,209.929,211.107,212.268,213.383,5.85,5.75,5.67
E08000011,Knowsley ,Merseyside (Met County),63.515,63.82,64.113,64.398,64.644,64.884,65.118,65.365,65.626,65.857,66.088,66.312,66.554,66.807,67.039,67.258,67.473,67.699,67.94,68.185,68.408,68.613,5.14,4.11,4.54
E09000022,Lambeth,Inner London,147.696,149.719,151.649,153.571,155.388,157.16,158.882,160.575,162.3,163.977,165.62,167.266,168.895,170.581,172.258,173.904,175.555,177.177,178.795,180.377,181.917,183.412,14.53,14.49,14.65
E07000121,Lancaster,Lancashire ,60.898,61.274,61.626,61.986,62.308,62.634,62.995,63.381,63.802,64.215,64.619,64.982,65.342,65.729,66.088,66.406,66.674,66.944,67.234,67.531,67.82,68.088,5.67,5.74,5.36
E08000035,Leeds,West Yorkshire (Met County),336.622,338.9,341.095,343.43,345.735,348.04,350.392,352.781,355.387,358.025,360.601,363.128,365.664,368.254,370.854,373.315,375.676,377.982,380.364,382.819,385.196,387.475,6.15,6.27,5.94
E06000016,Leicester UA,N/a,133.29,134.819,136.303,137.767,139.133,140.509,141.951,143.41,144.97,146.506,148.046,149.567,151.036,152.549,154.054,155.445,156.773,158.061,159.377,160.719,162.031,163.325,6.83,6.57,5.99
E07000063,Lewes,East Sussex ,45.533,46.06,46.575,47.114,47.656,48.198,48.751,49.306,49.882,50.457,51.014,51.581,52.143,52.702,53.248,53.776,54.299,54.815,55.32,55.823,56.308,56.782,11.22,9.91,10.02
E09000023,Lewisham,Inner London,134.147,136.445,138.709,140.989,143.229,145.47,147.697,149.919,152.167,154.368,156.555,158.701,160.813,162.931,165.015,167.036,168.993,170.914,172.83,174.718,176.567,178.383,13.38,13.94,12.42
E07000194,Lichfield,Staffordshire ,43.493,43.783,44.093,44.376,44.625,44.882,45.13,45.382,45.639,45.867,46.095,46.315,46.534,46.757,46.955,47.147,47.331,47.51,47.684,47.852,48.013,48.163,9.05,8.89,8.52
E07000138,Lincoln,Lincolnshire,42.16,42.414,42.652,42.89,43.102,43.331,43.589,43.858,44.162,44.464,44.767,45.051,45.327,45.624,45.913,46.156,46.372,46.591,46.828,47.068,47.294,47.501,5.79,5.41,5.54
E08000012,Liverpool,Merseyside (Met County),220.168,221.886,223.586,225.22,226.659,228.094,229.584,231.112,232.762,234.374,235.933,237.45,238.953,240.534,242.149,243.606,245.022,246.388,247.809,249.251,250.629,251.981,4.22,4.7,4.61
E06000032,Luton UA,N/a,83.015,84.236,85.41,86.574,87.724,88.867,89.982,91.096,92.217,93.324,94.454,95.559,96.658,97.762,98.886,99.995,101.067,102.111,103.153,104.198,105.231,106.236,7.57,8.35,7.5
E07000110,Maidstone,Kent ,70.228,71.182,72.088,72.973,73.838,74.705,75.567,76.409,77.255,78.081,78.908,79.736,80.559,81.388,82.195,83.004,83.793,84.577,85.358,86.119,86.866,87.585,10.4,11.2,10.12
E07000074,Maldon,Essex ,27.327,27.563,27.787,28.009,28.219,28.424,28.644,28.858,29.067,29.276,29.47,29.662,29.853,30.04,30.221,30.388,30.554,30.718,30.88,31.036,31.178,31.316,11.87,11.45,10.68
E07000235,Malvern Hills,Worcestershire ,34.099,34.397,34.67,34.936,35.2,35.482,35.762,36.047,36.332,36.607,36.889,37.168,37.447,37.717,37.969,38.221,38.453,38.676,38.892,39.096,39.294,39.48,11.27,11.31,10.63
E08000003,Manchester,Greater Manchester (Met County),225.843,228.38,230.843,233.259,235.483,237.727,240.007,242.385,244.892,247.319,249.669,251.946,254.237,256.599,258.985,261.206,263.324,265.406,267.496,269.61,271.661,273.662,5.87,5.74,5.35
E07000174,Mansfield,Nottinghamshire ,47.079,47.368,47.628,47.877,48.116,48.35,48.601,48.841,49.089,49.322,49.548,49.796,50.036,50.277,50.505,50.721,50.942,51.144,51.337,51.539,51.725,51.907,6.26,5.93,6.03
E06000035,Medway UA,N/a,116.977,118.368,119.739,121.122,122.474,123.78,125.066,126.336,127.639,128.914,130.188,131.475,132.768,134.089,135.408,136.7,137.96,139.201,140.439,141.698,142.913,144.103,8.41,8.67,8.25
E07000133,Melton,Leicestershire ,22.607,22.784,22.962,23.128,23.284,23.451,23.616,23.772,23.93,24.083,24.234,24.383,24.525,24.668,24.804,24.943,25.073,25.197,25.326,25.448,25.56,25.665,8.61,8.14,7.66
E07000187,Mendip,Somerset,49.239,49.717,50.17,50.584,51.014,51.46,51.909,52.344,52.764,53.192,53.617,54.038,54.447,54.832,55.186,55.533,55.872,56.205,56.524,56.838,57.144,57.433,10.98,10.99,10.17
E09000024,Merton,Outer London,86.184,87.34,88.501,89.636,90.764,91.862,92.947,94.033,95.118,96.199,97.255,98.3,99.354,100.391,101.427,102.45,103.47,104.512,105.576,106.664,107.743,108.785,14.83,15.43,15.44
E07000042,Mid Devon,Devon ,34.664,34.97,35.254,35.539,35.825,36.11,36.392,36.659,36.946,37.229,37.495,37.753,38.017,38.274,38.518,38.758,38.992,39.228,39.471,39.713,39.943,40.16,9.27,8.95,8.5
E07000203,Mid Suffolk,Suffolk,43.749,44.21,44.652,45.096,45.546,45.963,46.388,46.793,47.2,47.598,47.97,48.358,48.733,49.108,49.463,49.799,50.132,50.452,50.765,51.055,51.329,51.604,8.99,9.46,10.17
E07000228,Mid Sussex,West Sussex,62.582,63.348,64.059,64.776,65.48,66.199,66.944,67.657,68.376,69.077,69.782,70.489,71.186,71.876,72.533,73.188,73.846,74.502,75.159,75.818,76.451,77.069,13.01,12.69,12.69
E06000002,Middlesbrough UA,N/a,58.882,59.154,59.387,59.641,59.858,60.067,60.287,60.517,60.79,61.038,61.292,61.531,61.783,62.063,62.305,62.547,62.758,62.97,63.182,63.387,63.575,63.736,5.08,5.26,4.88
E06000042,Milton Keynes UA,N/a,109.698,111.293,112.848,114.347,115.783,117.24,118.668,120.081,121.499,122.912,124.318,125.713,127.075,128.426,129.746,131.029,132.266,133.457,134.621,135.754,136.854,137.911,8.31,8.81,8.65
E07000210,Mole Valley,Surrey,37.563,37.876,38.183,38.495,38.811,39.129,39.449,39.767,40.103,40.43,40.754,41.086,41.417,41.754,42.079,42.407,42.735,43.057,43.387,43.712,44.023,44.326,13.55,14.8,14.37
E07000091,New Forest,Hampshire ,80.846,81.525,82.184,82.876,83.567,84.261,84.991,85.708,86.448,87.185,87.908,88.645,89.353,90.059,90.723,91.377,92.012,92.628,93.241,93.841,94.423,94.978,11.18,11.5,11.94
E07000175,Newark and Sherwood,Nottinghamshire ,52.184,52.672,53.114,53.55,53.987,54.385,54.797,55.185,55.577,55.954,56.316,56.678,57.045,57.403,57.747,58.081,58.415,58.741,59.065,59.382,59.682,59.966,8.09,7.8,7.27
E08000021,Newcastle upon Tyne,Tyne and Wear (Met County),126.156,127.152,128.107,129.001,129.823,130.65,131.523,132.453,133.486,134.498,135.519,136.483,137.471,138.482,139.433,140.315,141.121,141.92,142.759,143.583,144.379,145.134,5.71,5.75,5.48
E07000195,Newcastle-under-Lyme,Staffordshire ,55.118,55.437,55.742,56.048,56.341,56.645,56.962,57.307,57.644,57.947,58.264,58.567,58.867,59.169,59.46,59.732,59.985,60.226,60.469,60.701,60.915,61.112,6.18,5.83,5.49
E09000025,Newham,Inner London,125.216,128.235,131.096,133.858,136.437,138.966,141.455,143.871,146.277,148.556,150.785,152.955,155.055,157.131,159.156,161.108,163.017,164.881,166.744,168.595,170.411,172.175,12.15,13.41,12.65
E07000043,North Devon,Devon ,41.436,41.661,41.874,42.096,42.332,42.568,42.814,43.062,43.31,43.563,43.804,44.051,44.291,44.533,44.756,44.968,45.179,45.38,45.581,45.778,45.965,46.144,10.24,9.8,9.99
E07000050,North Dorset,Dorset ,30.926,31.209,31.49,31.753,32.009,32.274,32.541,32.806,33.069,33.335,33.601,33.868,34.131,34.391,34.631,34.865,35.089,35.3,35.501,35.697,35.876,36.046,10.06,9.39,9.09
E07000038,North East Derbyshire,Derbyshire ,44.452,44.703,44.937,45.185,45.4,45.615,45.847,46.056,46.276,46.471,46.656,46.856,47.039,47.211,47.367,47.5,47.637,47.764,47.891,48.006,48.104,48.202,7.17,6.4,7.31
E06000012,North East Lincolnshire UA,N/a,71.354,71.608,71.833,72.072,72.28,72.462,72.653,72.848,73.059,73.249,73.421,73.601,73.792,73.997,74.179,74.342,74.5,74.64,74.781,74.902,75.004,75.104,5.25,5.69,5.77
E07000099,North Hertfordshire,Hertfordshire,58.219,58.963,59.691,60.405,61.108,61.799,62.506,63.19,63.883,64.584,65.277,65.988,66.699,67.397,68.095,68.793,69.488,70.177,70.859,71.551,72.217,72.858,10.21,10.69,10.5
E07000139,North Kesteven,Lincolnshire,49.357,49.8,50.238,50.64,51.037,51.43,51.817,52.197,52.562,52.918,53.272,53.615,53.959,54.299,54.613,54.926,55.231,55.523,55.814,56.097,56.358,56.612,7.56,7.29,7.44
E06000013,North Lincolnshire UA,N/a,73.757,74.17,74.611,75.028,75.412,75.786,76.151,76.544,76.94,77.315,77.677,78.011,78.354,78.679,78.957,79.227,79.475,79.715,79.936,80.137,80.315,80.485,4.93,4.79,4.82
E07000147,North Norfolk,Norfolk,48.733,49.118,49.513,49.915,50.305,50.709,51.111,51.508,51.922,52.341,52.753,53.154,53.554,53.946,54.316,54.672,55.019,55.355,55.671,55.983,56.275,56.555,9.84,9.94,9.6
E06000024,North Somerset UA,N/a,95.21,96.291,97.319,98.354,99.368,100.356,101.384,102.382,103.412,104.414,105.409,106.4,107.358,108.329,109.233,110.134,111.008,111.857,112.704,113.527,114.33,115.106,9.76,9.66,8.99
E08000022,North Tyneside,Tyne and Wear (Met County),95.97,96.692,97.428,98.189,98.904,99.631,100.335,101.045,101.792,102.49,103.199,103.866,104.536,105.209,105.81,106.431,107.032,107.608,108.182,108.709,109.23,109.722,6.07,6.12,6.22
E07000218,North Warwickshire,Warwickshire,26.77,26.914,27.057,27.201,27.351,27.498,27.644,27.792,27.942,28.084,28.218,28.353,28.482,28.611,28.742,28.859,28.979,29.09,29.203,29.316,29.425,29.53,7.23,7.23,7.12
E07000134,North West Leicestershire,Leicestershire ,41.352,41.669,41.998,42.305,42.591,42.892,43.206,43.511,43.816,44.114,44.411,44.71,44.999,45.297,45.569,45.838,46.093,46.332,46.581,46.818,47.05,47.261,7.12,7.92,7.24
E07000154,Northampton,Northamptonshire,97.277,98.464,99.579,100.694,101.768,102.844,103.926,104.987,106.09,107.172,108.275,109.345,110.412,111.499,112.549,113.592,114.578,115.533,116.501,117.456,118.381,119.26,7.02,7.6,7.33
E06000057,Northumberland UA,N/a,142.869,143.521,144.2,144.86,145.468,146.033,146.599,147.19,147.774,148.303,148.839,149.33,149.831,150.317,150.715,151.107,151.441,151.763,152.048,152.297,152.507,152.675,6.5,6.61,6.38
E07000148,Norwich,Norfolk,64.74,65.306,65.798,66.289,66.764,67.243,67.751,68.255,68.782,69.315,69.838,70.355,70.843,71.344,71.859,72.331,72.768,73.202,73.658,74.117,74.562,74.989,6.97,7.03,6.96
E06000018,Nottingham UA,N/a,133.801,134.723,135.547,136.385,137.155,138.044,139.068,140.162,141.417,142.676,143.964,145.171,146.403,147.695,148.954,150.068,151.076,152.054,153.104,154.195,155.269,156.308,4.93,5.13,5.01
E07000219,Nuneaton and Bedworth,Warwickshire,54.975,55.371,55.749,56.155,56.5,56.849,57.222,57.573,57.943,58.289,58.63,58.982,59.329,59.691,60.025,60.367,60.695,61.024,61.378,61.724,62.069,62.389,7.16,6.56,6.72
E07000135,Oadby and Wigston,Leicestershire ,21.682,21.757,21.826,21.909,22.024,22.155,22.279,22.402,22.538,22.691,22.836,22.979,23.116,23.256,23.384,23.513,23.638,23.762,23.894,24.027,24.153,24.282,8.74,8.3,7.94
E08000004,Oldham ,Greater Manchester (Met County),94.571,95.245,95.938,96.6,97.253,97.9,98.522,99.163,99.813,100.464,101.103,101.709,102.328,102.929,103.521,104.097,104.648,105.183,105.7,106.209,106.714,107.178,5.36,5.14,5.55
E07000178,Oxford,Oxfordshire,60.597,61.129,61.621,62.094,62.53,63,63.533,64.094,64.701,65.304,65.903,66.477,67.046,67.649,68.225,68.729,69.195,69.667,70.177,70.702,71.219,71.717,11.45,11.12,12.3
E07000122,Pendle,Lancashire ,38.697,38.885,39.045,39.229,39.402,39.536,39.692,39.822,39.967,40.101,40.223,40.349,40.467,40.584,40.692,40.798,40.896,40.995,41.093,41.192,41.29,41.371,4.4,3.65,3.95
E06000031,Peterborough UA,N/a,80.99,81.901,82.768,83.617,84.417,85.181,85.968,86.727,87.509,88.31,89.092,89.882,90.669,91.463,92.278,93.069,93.841,94.573,95.283,95.984,96.654,97.302,6.76,6.79,6.64
E06000026,Plymouth UA,N/a,114.652,115.264,115.798,116.329,116.822,117.333,117.876,118.402,119.009,119.632,120.245,120.825,121.392,122.017,122.636,123.168,123.646,124.103,124.609,125.134,125.612,126.068,6.46,6.09,6.03
E06000029,Poole UA,N/a,67.294,67.877,68.452,69.045,69.619,70.205,70.805,71.41,72.032,72.652,73.28,73.902,74.528,75.167,75.792,76.4,77.002,77.591,78.185,78.767,79.32,79.843,9.51,9.28,10
E06000044,Portsmouth UA,N/a,91.132,91.821,92.532,93.229,93.899,94.566,95.268,95.987,96.764,97.559,98.319,99.059,99.815,100.573,101.318,102.015,102.677,103.347,104.036,104.737,105.423,106.083,6.79,7.16,7.08
E07000123,Preston,Lancashire ,58.94,59.133,59.323,59.514,59.706,59.887,60.091,60.314,60.579,60.851,61.118,61.379,61.632,61.888,62.128,62.358,62.576,62.773,62.992,63.212,63.434,63.635,5.35,5.16,5.2
E07000051,Purbeck,Dorset ,20.345,20.452,20.572,20.689,20.808,20.943,21.072,21.207,21.341,21.487,21.629,21.757,21.885,22.01,22.133,22.25,22.357,22.461,22.566,22.678,22.781,22.882,10.06,9.94,11.05
E06000038,Reading UA,N/a,67.081,67.546,68.05,68.529,68.971,69.418,69.904,70.402,70.922,71.43,71.953,72.464,72.98,73.488,73.99,74.485,74.946,75.413,75.901,76.407,76.907,77.381,9.06,8.54,8.17
E09000026,Redbridge,Outer London,114.011,116.18,118.386,120.522,122.637,124.765,126.824,128.89,130.926,132.952,134.946,136.894,138.822,140.726,142.613,144.47,146.303,148.126,149.964,151.837,153.679,155.473,14.77,15.66,14.36
E06000003,Redcar and Cleveland UA,N/a,60.691,60.869,61.009,61.155,61.301,61.399,61.506,61.588,61.691,61.747,61.784,61.818,61.843,61.889,61.918,61.937,61.933,61.937,61.951,61.957,61.945,61.911,5.1,5.03,5.11
E07000236,Redditch,Worcestershire ,35.882,36.049,36.216,36.365,36.517,36.651,36.8,36.952,37.084,37.225,37.341,37.461,37.577,37.681,37.79,37.877,37.953,38.021,38.083,38.157,38.216,38.267,8.48,8.25,7.52
E07000211,Reigate and Banstead,Surrey,61.243,62.121,62.986,63.82,64.644,65.462,66.286,67.106,67.914,68.716,69.516,70.322,71.119,71.917,72.695,73.481,74.276,75.06,75.845,76.634,77.402,78.147,12.26,12.31,11.48
E07000124,Ribble Valley,Lancashire ,25.48,25.644,25.798,25.944,26.08,26.211,26.338,26.46,26.578,26.692,26.795,26.903,27.003,27.101,27.186,27.264,27.342,27.418,27.486,27.546,27.599,27.641,7.04,6.8,6.58
E09000027,Richmond upon Thames,Outer London,87.494,88.765,89.981,91.198,92.406,93.623,94.841,96.035,97.236,98.438,99.626,100.803,101.955,103.103,104.234,105.333,106.41,107.466,108.504,109.542,110.546,111.524,18.33,18.79,19.91
E07000166,Richmondshire,North Yorkshire ,21.449,21.453,21.458,21.489,21.517,21.518,21.519,21.52,21.531,21.539,21.542,21.549,21.558,21.566,21.564,21.56,21.55,21.544,21.536,21.524,21.51,21.494,7.4,7.61,7.43
E08000005,Rochdale,Greater Manchester (Met County),90.826,91.303,91.787,92.262,92.723,93.176,93.614,94.066,94.555,95.03,95.493,95.927,96.381,96.844,97.288,97.723,98.115,98.504,98.899,99.285,99.654,99.982,5.52,5.49,5.62
E07000075,Rochford,Essex ,35.256,35.535,35.793,36.039,36.3,36.56,36.827,37.077,37.323,37.588,37.85,38.112,38.369,38.624,38.874,39.125,39.368,39.595,39.821,40.046,40.264,40.485,10.39,11.92,12
E07000125,Rossendale,Lancashire ,30.526,30.722,30.924,31.101,31.277,31.462,31.633,31.816,31.984,32.159,32.33,32.488,32.652,32.806,32.95,33.091,33.215,33.335,33.452,33.57,33.679,33.777,5.63,5.85,6.44
E07000064,Rother,East Sussex ,43.54,44.016,44.486,44.981,45.489,46.005,46.529,47.052,47.591,48.143,48.679,49.209,49.741,50.265,50.755,51.239,51.72,52.196,52.672,53.145,53.603,54.051,12.42,12.73,11.04
E08000018,Rotherham ,South Yorkshire (Met County),112.069,112.641,113.237,113.792,114.329,114.868,115.378,115.9,116.427,116.949,117.473,117.987,118.463,118.95,119.427,119.899,120.346,120.74,121.144,121.532,121.916,122.26,5.33,5.38,5.13
E07000220,Rugby,Warwickshire,44.901,45.376,45.837,46.281,46.728,47.162,47.602,48.019,48.441,48.851,49.268,49.698,50.113,50.542,50.968,51.387,51.807,52.211,52.63,53.049,53.449,53.842,7.65,7.73,6.75
E07000212,Runnymede,Surrey,35.802,36.222,36.614,36.996,37.363,37.743,38.135,38.518,38.922,39.318,39.718,40.113,40.503,40.896,41.287,41.661,42.019,42.377,42.736,43.097,43.448,43.785,9.85,10.97,10.91
E07000176,Rushcliffe,Nottinghamshire ,49.04,49.512,49.967,50.419,50.865,51.308,51.769,52.217,52.674,53.136,53.586,54.038,54.473,54.906,55.323,55.728,56.124,56.502,56.878,57.242,57.594,57.927,9.45,8.85,9.84
E07000092,Rushmoor,Hampshire ,38.589,38.802,39.041,39.263,39.477,39.683,39.885,40.106,40.321,40.526,40.716,40.908,41.113,41.318,41.511,41.702,41.893,42.083,42.271,42.459,42.633,42.8,8.08,8.18,9.35
E06000017,Rutland UA,N/a,15.972,16.087,16.176,16.263,16.349,16.443,16.543,16.635,16.731,16.824,16.92,17.016,17.111,17.204,17.291,17.376,17.459,17.539,17.621,17.699,17.773,17.838,8.94,9.87,10.45
E07000167,Ryedale,North Yorkshire ,23.662,23.815,23.96,24.097,24.235,24.372,24.521,24.666,24.814,24.96,25.097,25.232,25.367,25.498,25.617,25.727,25.83,25.925,26.022,26.117,26.198,26.273,8.91,9.32,8.84
E08000006,Salford,Greater Manchester (Met County),114.037,115.39,116.717,118.029,119.302,120.493,121.654,122.842,124.076,125.291,126.492,127.674,128.883,130.151,131.414,132.656,133.851,135.009,136.174,137.329,138.455,139.555,5.67,5.85,5.63
E08000028,Sandwell ,West Midlands (Met County),130.147,131.44,132.756,134.074,135.414,136.759,138.077,139.404,140.742,142.094,143.453,144.797,146.116,147.425,148.753,150.097,151.406,152.724,154.053,155.429,156.815,158.135,5.82,5.68,5.4
E07000168,Scarborough,North Yorkshire ,50.056,50.206,50.333,50.468,50.611,50.749,50.896,51.045,51.213,51.39,51.547,51.696,51.844,51.997,52.137,52.25,52.356,52.44,52.53,52.607,52.665,52.718,6.17,6.57,6.37
E07000188,Sedgemoor,Somerset,53.381,53.993,54.594,55.171,55.75,56.337,56.908,57.478,58.047,58.604,59.174,59.736,60.288,60.831,61.349,61.873,62.377,62.856,63.325,63.774,64.212,64.624,8.97,9.07,8.87
E08000014,Sefton,Merseyside (Met County),121.726,122.323,122.93,123.52,124.045,124.568,125.095,125.622,126.188,126.764,127.293,127.789,128.296,128.807,129.231,129.671,130.121,130.57,131.038,131.49,131.914,132.289,6.59,6.48,6.55
E07000169,Selby,North Yorkshire ,37.005,37.379,37.724,38.041,38.357,38.663,38.974,39.269,39.552,39.839,40.117,40.388,40.65,40.907,41.152,41.387,41.615,41.826,42.027,42.22,42.402,42.564,6.72,6.64,6.77
E07000111,Sevenoaks,Kent ,50.229,50.744,51.228,51.716,52.207,52.704,53.225,53.733,54.257,54.778,55.284,55.795,56.31,56.822,57.31,57.789,58.256,58.72,59.178,59.632,60.072,60.509,13.12,14.54,14.59
E08000019,Sheffield,South Yorkshire (Met County),243.802,245.739,247.611,249.478,251.264,253.055,254.943,256.873,258.918,260.956,262.971,264.938,266.931,268.95,270.982,272.863,274.618,276.36,278.165,280.016,281.821,283.572,5.65,5.7,5.51
E07000112,Shepway,Kent ,50.971,51.515,52.043,52.595,53.142,53.686,54.244,54.783,55.363,55.944,56.508,57.079,57.633,58.2,58.723,59.241,59.763,60.264,60.768,61.268,61.752,62.225,9.52,9.2,9.7
E06000051,Shropshire UA,N/a,137.727,138.844,139.903,140.949,141.944,142.944,143.925,144.89,145.844,146.748,147.635,148.49,149.333,150.158,150.899,151.62,152.298,152.942,153.558,154.12,154.647,155.14,7.97,8.11,8.39
E06000039,Slough UA,N/a,56.285,57.036,57.753,58.464,59.144,59.806,60.468,61.115,61.782,62.436,63.075,63.715,64.344,64.98,65.601,66.208,66.797,67.383,67.977,68.574,69.166,69.732,8.94,9.4,9.86
E08000029,Solihull,West Midlands (Met County),89.743,90.329,90.937,91.529,92.121,92.729,93.376,94.006,94.655,95.308,95.948,96.615,97.259,97.909,98.567,99.194,99.835,100.442,101.053,101.684,102.291,102.891,8.42,7.62,7.77
E07000006,South Bucks,Buckinghamshire ,28.454,28.773,29.081,29.377,29.687,29.992,30.305,30.612,30.923,31.235,31.547,31.852,32.16,32.463,32.754,33.05,33.341,33.632,33.919,34.207,34.488,34.764,15.56,18.36,15.69
E07000012,South Cambridgeshire,Cambridgeshire ,66.097,67.002,67.872,68.728,69.571,70.398,71.222,72.012,72.802,73.595,74.358,75.117,75.839,76.558,77.265,77.943,78.603,79.223,79.836,80.431,81,81.557,9.78,10.25,11.01
E07000039,South Derbyshire,Derbyshire ,42.999,43.528,44.046,44.536,45.011,45.488,45.959,46.417,46.872,47.316,47.76,48.188,48.62,49.037,49.441,49.838,50.211,50.568,50.911,51.249,51.564,51.876,7.18,6.96,7.26
E06000025,South Gloucestershire UA,N/a,117.094,118.346,119.539,120.693,121.814,122.926,124.042,125.124,126.204,127.257,128.323,129.376,130.417,131.467,132.482,133.497,134.477,135.432,136.396,137.353,138.283,139.186,8.77,8.16,7.97
E07000044,South Hams,Devon ,38.482,38.707,38.936,39.182,39.426,39.67,39.908,40.154,40.411,40.669,40.905,41.118,41.338,41.545,41.731,41.91,42.076,42.248,42.416,42.589,42.747,42.897,11.63,11.72,11.91
E07000140,South Holland,Lincolnshire,39.621,39.979,40.343,40.688,41.027,41.363,41.701,42.038,42.391,42.749,43.104,43.443,43.79,44.135,44.469,44.81,45.14,45.462,45.787,46.118,46.435,46.734,7.42,7.77,7.09
E07000141,South Kesteven,Lincolnshire,62.166,62.84,63.487,64.111,64.727,65.311,65.894,66.459,67.022,67.587,68.138,68.681,69.225,69.758,70.266,70.77,71.262,71.736,72.191,72.636,73.05,73.451,8.42,9.02,8.77
E07000031,South Lakeland,Cumbria ,47.459,47.644,47.8,47.96,48.125,48.274,48.445,48.598,48.743,48.899,49.023,49.157,49.275,49.371,49.454,49.531,49.603,49.673,49.74,49.812,49.864,49.905,9.49,8.34,9.67
E07000149,South Norfolk,Norfolk,58.214,58.992,59.724,60.439,61.163,61.867,62.571,63.252,63.923,64.607,65.254,65.9,66.523,67.138,67.729,68.305,68.863,69.407,69.938,70.453,70.949,71.438,9.02,8.78,8.87
E07000155,South Northamptonshire,Northamptonshire,37.554,37.947,38.321,38.688,39.058,39.429,39.812,40.178,40.54,40.907,41.274,41.636,41.983,42.322,42.658,42.993,43.32,43.638,43.962,44.281,44.587,44.872,9.99,10.49,10.3
E07000179,South Oxfordshire,Oxfordshire,57.361,57.819,58.246,58.666,59.088,59.509,59.934,60.344,60.763,61.167,61.564,61.968,62.369,62.787,63.179,63.57,63.962,64.352,64.749,65.139,65.506,65.857,11.6,12.36,11.86
E07000126,South Ribble,Lancashire ,47.564,47.79,47.995,48.196,48.394,48.572,48.756,48.918,49.091,49.26,49.409,49.569,49.712,49.868,50.008,50.138,50.266,50.377,50.494,50.601,50.693,50.775,5.76,6.51,6.12
E07000189,South Somerset,Somerset,73.953,74.559,75.16,75.727,76.315,76.904,77.472,78.044,78.601,79.156,79.711,80.234,80.765,81.274,81.763,82.239,82.693,83.133,83.578,84.02,84.437,84.824,7.54,8.19,8.16
E07000196,South Staffordshire,Staffordshire ,47.203,47.476,47.74,47.972,48.188,48.409,48.621,48.832,49.031,49.217,49.393,49.569,49.752,49.926,50.076,50.217,50.348,50.478,50.61,50.745,50.863,50.972,8.17,7.39,7.72
E08000023,South Tyneside,Tyne and Wear (Met County),69.432,69.768,70.096,70.438,70.754,71.074,71.379,71.678,72.001,72.312,72.63,72.918,73.199,73.473,73.735,73.989,74.249,74.481,74.713,74.941,75.146,75.337,5.56,5.78,5.67
E06000045,Southampton UA,N/a,105.205,105.986,106.758,107.484,108.203,108.959,109.756,110.601,111.508,112.444,113.41,114.341,115.271,116.249,117.225,118.111,118.92,119.72,120.543,121.366,122.158,122.91,6.84,7.68,6.58
E06000033,Southend-on-Sea UA,N/a,80.113,80.98,81.835,82.668,83.522,84.361,85.218,86.059,86.893,87.738,88.589,89.439,90.268,91.1,91.927,92.758,93.595,94.399,95.211,96.034,96.846,97.649,10.6,10.27,10.23
E09000028,Southwark,Inner London,138.398,140.742,143,145.189,147.306,149.385,151.436,153.483,155.526,157.534,159.513,161.459,163.386,165.328,167.258,169.119,170.941,172.739,174.53,176.299,178.029,179.711,13.89,13.92,14.3
E07000213,Spelthorne,Surrey,42.235,42.654,43.087,43.51,43.925,44.348,44.769,45.201,45.631,46.063,46.51,46.963,47.416,47.875,48.34,48.811,49.274,49.736,50.2,50.672,51.139,51.59,10.86,11.57,11.09
E07000240,St Albans,Hertfordshire,60.383,61.063,61.719,62.367,63.008,63.651,64.294,64.923,65.565,66.197,66.827,67.462,68.097,68.738,69.367,69.99,70.612,71.226,71.848,72.471,73.076,73.666,16.09,16.81,16.59
E07000204,St Edmundsbury,Suffolk,48.326,48.678,48.996,49.323,49.649,49.972,50.306,50.622,50.952,51.291,51.618,51.951,52.273,52.598,52.908,53.212,53.511,53.798,54.086,54.356,54.615,54.87,9.07,10.17,10.1
E08000013,St. Helens,Merseyside (Met County),79.227,79.723,80.208,80.705,81.158,81.597,82.026,82.423,82.841,83.238,83.612,83.977,84.32,84.662,84.983,85.278,85.582,85.857,86.15,86.425,86.693,86.952,4.88,5.33,5.59
E07000197,Stafford,Staffordshire ,58.483,58.86,59.207,59.564,59.907,60.264,60.625,60.954,61.289,61.6,61.917,62.228,62.513,62.802,63.077,63.351,63.593,63.813,64.029,64.236,64.433,64.615,7.35,7.39,7.23
E07000198,Staffordshire Moorlands,Staffordshire ,42.976,43.148,43.324,43.508,43.685,43.848,44.022,44.191,44.369,44.544,44.693,44.835,44.983,45.114,45.229,45.331,45.42,45.504,45.582,45.645,45.705,45.755,5.89,6.45,6.12
E07000243,Stevenage,Hertfordshire,37.737,38.107,38.496,38.853,39.202,39.565,39.911,40.272,40.628,40.996,41.371,41.733,42.116,42.506,42.9,43.291,43.665,44.06,44.458,44.854,45.246,45.618,7.61,8.22,7.61
E08000007,Stockport,Greater Manchester (Met County),127.799,128.715,129.648,130.55,131.465,132.322,133.172,134.057,134.947,135.855,136.694,137.535,138.39,139.238,140.084,140.888,141.668,142.439,143.203,143.975,144.699,145.399,7.74,7.99,7.56
E06000004,Stockton-on-Tees UA,N/a,83.159,83.706,84.24,84.73,85.215,85.668,86.109,86.546,86.993,87.441,87.877,88.274,88.679,89.091,89.465,89.845,90.185,90.528,90.871,91.191,91.496,91.768,5.03,5.53,5.59
E06000021,Stoke-on-Trent UA,N/a,110.37,110.839,111.326,111.76,112.186,112.64,113.103,113.608,114.117,114.632,115.179,115.67,116.17,116.673,117.189,117.682,118.14,118.578,119.009,119.435,119.849,120.239,4.51,4.39,4.45
E07000221,Stratford-on-Avon,Warwickshire,54.624,55.084,55.545,55.997,56.445,56.864,57.3,57.713,58.127,58.53,58.916,59.31,59.693,60.075,60.435,60.784,61.122,61.444,61.776,62.105,62.419,62.72,11.26,10.41,9.26
E07000082,Stroud,Gloucestershire ,51.227,51.756,52.268,52.769,53.273,53.772,54.287,54.782,55.276,55.764,56.237,56.718,57.181,57.647,58.096,58.517,58.924,59.314,59.706,60.091,60.45,60.794,8.68,9.01,8.8
E07000205,Suffolk Coastal,Suffolk,55.942,56.34,56.71,57.081,57.481,57.863,58.268,58.665,59.068,59.488,59.878,60.27,60.65,61.029,61.377,61.71,62.05,62.377,62.708,63.021,63.31,63.59,7.85,10.07,8.95
E08000024,Sunderland,Tyne and Wear (Met County),123.829,124.438,125.041,125.647,126.206,126.719,127.236,127.745,128.297,128.862,129.372,129.878,130.354,130.847,131.363,131.805,132.229,132.618,133.017,133.434,133.789,134.091,4.79,4.85,4.77
E07000214,Surrey Heath,Surrey,35.494,35.753,36.024,36.259,36.503,36.743,36.976,37.213,37.438,37.67,37.897,38.125,38.364,38.593,38.815,39.037,39.26,39.492,39.726,39.959,40.183,40.395,11.17,12.99,13.07
E09000029,Sutton,Outer London,87,88.283,89.567,90.828,92.091,93.347,94.603,95.857,97.104,98.367,99.607,100.84,102.079,103.308,104.541,105.749,106.943,108.151,109.369,110.615,111.828,113.016,11.61,13.07,12.92
E07000113,Swale,Kent ,61.418,62.263,63.117,63.931,64.747,65.534,66.323,67.118,67.91,68.698,69.466,70.238,71.014,71.793,72.553,73.297,74.025,74.741,75.445,76.14,76.814,77.475,9.03,9.14,9.18
E06000030,Swindon UA,N/a,95.427,96.368,97.278,98.166,99.038,99.894,100.73,101.55,102.384,103.197,104.039,104.846,105.665,106.505,107.361,108.205,109.004,109.785,110.569,111.362,112.113,112.802,7.64,7.62,7
E08000008,Tameside,Greater Manchester (Met County),98.781,99.393,99.965,100.583,101.184,101.729,102.287,102.824,103.412,103.989,104.547,105.109,105.67,106.263,106.838,107.398,107.93,108.449,108.972,109.48,109.974,110.434,6.27,5.96,5.54
E07000199,Tamworth,Staffordshire ,32.718,32.866,33.014,33.15,33.274,33.404,33.529,33.643,33.759,33.857,33.97,34.084,34.188,34.282,34.367,34.468,34.545,34.616,34.679,34.729,34.783,34.823,8.31,7.71,6.91
E07000215,Tandridge,Surrey,36.424,36.895,37.36,37.825,38.284,38.747,39.219,39.675,40.144,40.603,41.06,41.525,41.973,42.426,42.87,43.308,43.75,44.18,44.611,45.041,45.46,45.868,14.98,15.62,14.1
E07000190,Taunton Deane,Somerset,50.811,51.354,51.868,52.365,52.848,53.323,53.807,54.275,54.749,55.219,55.676,56.138,56.587,57.042,57.478,57.899,58.317,58.724,59.128,59.531,59.901,60.246,7.92,8.53,8.13
E07000045,Teignbridge,Devon ,57.854,58.414,58.931,59.492,60.045,60.607,61.162,61.694,62.245,62.779,63.311,63.817,64.316,64.808,65.266,65.732,66.175,66.613,67.049,67.488,67.909,68.303,10.51,10.5,10.78
E06000020,Telford and Wrekin UA,N/a,70.45,70.978,71.499,72.014,72.497,72.937,73.398,73.854,74.331,74.788,75.199,75.611,76.022,76.402,76.745,77.06,77.372,77.684,77.98,78.263,78.548,78.806,6.03,6.12,6.33
E07000076,Tendring,Essex ,64.88,65.448,66.014,66.605,67.211,67.844,68.513,69.173,69.868,70.579,71.279,71.995,72.699,73.401,74.099,74.778,75.471,76.148,76.825,77.508,78.175,78.85,8.72,9.1,8.95
E07000093,Test Valley,Hampshire ,50.979,51.391,51.797,52.206,52.613,53.028,53.429,53.831,54.242,54.649,55.038,55.426,55.809,56.183,56.529,56.866,57.191,57.506,57.806,58.1,58.385,58.659,9.95,10.05,10.17
E07000083,Tewkesbury,Gloucestershire ,38.881,39.395,39.888,40.367,40.839,41.295,41.762,42.217,42.665,43.106,43.537,43.966,44.386,44.808,45.211,45.601,45.982,46.346,46.715,47.076,47.425,47.761,8.07,8.5,7.92
E07000114,Thanet,Kent ,64.612,65.396,66.159,66.939,67.728,68.519,69.315,70.103,70.918,71.746,72.572,73.38,74.201,75.015,75.828,76.627,77.413,78.191,78.974,79.743,80.489,81.201,9.59,10.52,10.58
E07000102,Three Rivers,Hertfordshire,38.003,38.429,38.857,39.29,39.726,40.162,40.607,41.049,41.497,41.944,42.395,42.856,43.315,43.789,44.248,44.71,45.179,45.639,46.105,46.57,47.026,47.478,13.67,13.67,13.85
E06000034,Thurrock UA,N/a,67.932,68.776,69.625,70.494,71.348,72.2,73.04,73.872,74.725,75.569,76.433,77.277,78.123,78.987,79.839,80.691,81.526,82.342,83.182,84.029,84.851,85.663,9.6,9.96,10
E07000115,Tonbridge and Malling,Kent ,52.315,52.963,53.576,54.181,54.796,55.407,56.028,56.629,57.211,57.812,58.413,59.007,59.597,60.176,60.758,61.333,61.887,62.446,63.008,63.58,64.148,64.695,11.79,11.91,11.78
E06000027,Torbay UA,N/a,62.01,62.466,62.94,63.411,63.882,64.357,64.832,65.311,65.782,66.264,66.731,67.178,67.631,68.064,68.475,68.889,69.286,69.692,70.099,70.512,70.905,71.276,7.99,8.8,7.67
E07000046,Torridge,Devon ,30.197,30.533,30.871,31.201,31.521,31.831,32.158,32.473,32.791,33.108,33.409,33.703,33.993,34.267,34.52,34.763,34.998,35.222,35.446,35.668,35.878,36.081,9.51,9.76,9.51
E09000030,Tower Hamlets,Inner London,132.53,136.292,139.922,143.455,146.94,150.342,153.668,156.921,160.174,163.348,166.412,169.412,172.338,175.244,178.15,180.936,183.647,186.321,188.987,191.649,194.24,196.759,10.63,9.84,9.68
E08000009,Trafford,Greater Manchester (Met County),101.433,102.471,103.506,104.524,105.545,106.561,107.575,108.588,109.592,110.614,111.635,112.639,113.656,114.664,115.64,116.609,117.567,118.518,119.472,120.434,121.371,122.276,9.58,9.43,8.94
E07000116,Tunbridge Wells,Kent ,50.414,50.942,51.45,51.926,52.41,52.897,53.404,53.882,54.364,54.847,55.329,55.814,56.293,56.761,57.211,57.661,58.116,58.57,59.039,59.513,59.973,60.413,12.48,12.76,13.35
E07000077,Uttlesford,Essex ,35.463,36.014,36.55,37.072,37.59,38.112,38.63,39.13,39.637,40.132,40.628,41.12,41.593,42.075,42.536,42.996,43.452,43.894,44.343,44.781,45.208,45.615,13.54,13.67,13.37
E07000180,Vale of White Horse,Oxfordshire,53.55,54.104,54.642,55.157,55.65,56.154,56.66,57.149,57.637,58.111,58.591,59.073,59.545,60.016,60.466,60.907,61.34,61.76,62.173,62.575,62.963,63.333,9.57,9.85,8.93
E08000036,Wakefield,West Yorkshire (Met County),147.675,148.707,149.668,150.627,151.535,152.405,153.303,154.161,155.06,155.918,156.755,157.619,158.454,159.3,160.112,160.907,161.681,162.4,163.125,163.831,164.514,165.171,5.66,5.54,5.78
E08000030,Walsall,West Midlands (Met County),113.397,114.214,114.999,115.825,116.612,117.423,118.22,118.985,119.805,120.592,121.39,122.191,122.954,123.755,124.537,125.328,126.122,126.888,127.699,128.534,129.375,130.186,5.73,6.17,5.95
E09000031,Waltham Forest,Outer London,109.358,111.084,112.818,114.543,116.253,117.996,119.721,121.444,123.169,124.858,126.537,128.17,129.782,131.378,132.965,134.514,136.059,137.596,139.143,140.732,142.27,143.765,14.54,14.85,15.71
E09000032,Wandsworth,Inner London,140.19,141.725,143.179,144.68,146.147,147.588,149.021,150.402,151.819,153.215,154.561,155.908,157.241,158.607,159.969,161.336,162.752,164.202,165.734,167.303,168.859,170.366,18.44,18.11,19.73
E06000007,Warrington UA,N/a,91.505,92.4,93.233,94.062,94.886,95.642,96.402,97.116,97.835,98.566,99.236,99.906,100.562,101.207,101.832,102.419,103.007,103.578,104.155,104.736,105.287,105.836,6.67,6.32,6.36
E07000222,Warwick,Warwickshire,61.533,61.977,62.496,63.007,63.486,63.92,64.382,64.855,65.328,65.806,66.28,66.768,67.255,67.743,68.237,68.694,69.138,69.576,70.03,70.503,70.956,71.397,9.09,9.54,9.29
E07000103,Watford,Hertfordshire,41.227,41.825,42.418,42.994,43.577,44.158,44.717,45.272,45.825,46.374,46.929,47.488,48.038,48.597,49.156,49.717,50.28,50.834,51.39,51.95,52.504,53.045,12.06,12.53,12.66
E07000206,Waveney,Suffolk,52.48,52.786,53.084,53.371,53.661,53.954,54.257,54.557,54.855,55.169,55.487,55.81,56.121,56.443,56.764,57.089,57.396,57.678,57.967,58.244,58.513,58.768,7.85,7.49,7.7
E07000216,Waverley,Surrey,51.414,51.81,52.183,52.569,52.945,53.329,53.718,54.101,54.501,54.901,55.299,55.694,56.098,56.492,56.871,57.246,57.602,57.958,58.322,58.684,59.027,59.349,15.77,16.05,14.5
E07000065,Wealden,East Sussex ,69.219,70.125,71.016,71.892,72.773,73.664,74.551,75.421,76.302,77.179,78.05,78.919,79.767,80.612,81.431,82.238,83.019,83.785,84.537,85.266,85.963,86.629,11.55,11.91,11.62
E07000156,Wellingborough,Northamptonshire,33.537,33.82,34.102,34.389,34.674,34.957,35.236,35.508,35.788,36.061,36.339,36.617,36.893,37.179,37.468,37.737,37.996,38.248,38.499,38.745,38.977,39.202,7.95,7.4,7.48
E07000241,Welwyn Hatfield,Hertfordshire,48.599,49.232,49.814,50.425,51.015,51.621,52.236,52.851,53.501,54.149,54.793,55.43,56.064,56.709,57.36,57.991,58.602,59.223,59.857,60.495,61.117,61.722,10.5,10.88,11.19
E06000037,West Berkshire UA,N/a,65.21,65.621,66.03,66.422,66.804,67.187,67.561,67.949,68.335,68.713,69.101,69.468,69.842,70.222,70.581,70.936,71.261,71.582,71.889,72.177,72.445,72.688,9.54,9.61,10.65
E07000047,West Devon,Devon ,24.308,24.56,24.794,25.038,25.277,25.505,25.746,25.973,26.202,26.429,26.646,26.86,27.067,27.269,27.452,27.629,27.809,27.976,28.145,28.311,28.468,28.619,10.61,9.86,10.15
E07000052,West Dorset,Dorset ,46.793,47.191,47.586,47.954,48.348,48.734,49.137,49.546,49.947,50.357,50.747,51.147,51.543,51.922,52.284,52.633,52.972,53.302,53.626,53.939,54.233,54.507,10.06,11.03,11.27
E07000127,West Lancashire,Lancashire ,46.907,47.097,47.287,47.476,47.654,47.809,47.972,48.141,48.319,48.495,48.665,48.804,48.945,49.097,49.212,49.327,49.416,49.509,49.61,49.706,49.794,49.857,6.61,6.54,6.52
E07000142,West Lindsey,Lincolnshire,41.037,41.367,41.674,41.979,42.271,42.565,42.861,43.142,43.435,43.721,44.01,44.292,44.571,44.854,45.122,45.373,45.605,45.814,46.012,46.199,46.365,46.524,6.43,6.36,5.99
E07000181,West Oxfordshire,Oxfordshire,46.635,47.045,47.462,47.868,48.274,48.687,49.096,49.502,49.905,50.303,50.697,51.095,51.489,51.883,52.256,52.625,52.979,53.324,53.667,54.001,54.317,54.617,10.38,11.56,11.24
E07000191,West Somerset,Somerset,15.785,15.844,15.895,15.969,16.04,16.114,16.191,16.274,16.367,16.462,16.553,16.643,16.729,16.816,16.9,16.975,17.058,17.127,17.201,17.277,17.342,17.405,7.92,0,0
E09000033,Westminster,Inner London,123.77,125.675,127.432,129.071,130.672,132.263,133.837,135.408,136.995,138.551,140.078,141.564,143.017,144.462,145.878,147.211,148.502,149.77,151.013,152.232,153.425,154.586,21.75,24.41,24.57
E07000053,Weymouth and Portland,Dorset ,29.353,29.524,29.714,29.887,30.061,30.239,30.422,30.604,30.786,30.992,31.193,31.39,31.592,31.782,31.969,32.143,32.311,32.459,32.603,32.754,32.893,33.021,10.06,8.7,8.31
E08000010,Wigan,Greater Manchester (Met County),143.253,144.279,145.234,146.186,147.11,147.968,148.808,149.607,150.425,151.216,151.967,152.697,153.398,154.113,154.787,155.427,156.046,156.629,157.202,157.753,158.261,158.756,5.74,5.41,5.34
E06000054,Wiltshire UA,N/a,210.498,212.19,213.769,215.307,216.825,218.324,219.857,221.306,222.776,224.223,225.684,227.162,228.61,230.076,231.457,232.806,234.119,235.37,236.616,237.822,238.929,239.969,9.63,9.82,9.43
E07000094,Winchester,Hampshire ,49.811,50.244,50.687,51.123,51.534,51.966,52.401,52.842,53.301,53.75,54.199,54.635,55.065,55.502,55.913,56.311,56.696,57.074,57.452,57.83,58.194,58.54,13.28,12.25,12.04
E06000040,Windsor and Maidenhead UA,N/a,62.331,62.915,63.495,64.032,64.567,65.114,65.669,66.223,66.754,67.283,67.813,68.348,68.881,69.406,69.921,70.436,70.953,71.462,71.978,72.494,73.005,73.505,13.91,13.16,13.5
E08000015,Wirral,Merseyside (Met County),145.403,146.132,146.891,147.669,148.408,149.097,149.784,150.455,151.141,151.832,152.492,153.128,153.738,154.353,154.946,155.495,156.022,156.528,157.061,157.647,158.144,158.605,6.2,6.28,5.92
E07000217,Woking,Surrey,40.98,41.286,41.597,41.908,42.203,42.513,42.816,43.123,43.442,43.745,44.056,44.361,44.677,45.001,45.313,45.631,45.932,46.241,46.551,46.862,47.16,47.44,10.39,11.78,12.21
E06000041,Wokingham UA,N/a,65.082,65.736,66.362,66.965,67.542,68.112,68.68,69.218,69.751,70.274,70.781,71.291,71.805,72.304,72.782,73.25,73.712,74.171,74.62,75.073,75.508,75.912,11.19,11.17,12.25
E08000031,Wolverhampton,West Midlands (Met County),106.668,107.351,107.998,108.673,109.323,109.973,110.662,111.34,112.064,112.783,113.511,114.228,114.941,115.665,116.371,117.061,117.767,118.471,119.185,119.914,120.648,121.347,5.29,5.5,5.43
E07000237,Worcester,Worcestershire ,44.479,44.835,45.177,45.506,45.838,46.166,46.484,46.785,47.091,47.386,47.681,47.974,48.242,48.511,48.77,49.042,49.285,49.519,49.776,50.05,50.298,50.529,6.88,6.79,6.61
E07000229,Worthing,West Sussex,50.765,51.373,51.981,52.6,53.202,53.825,54.454,55.085,55.727,56.358,57,57.659,58.304,58.958,59.591,60.224,60.848,61.456,62.066,62.666,63.245,63.802,10.89,11.71,11.35
E07000238,Wychavon,Worcestershire ,52.352,52.741,53.136,53.502,53.875,54.251,54.617,54.996,55.364,55.736,56.106,56.463,56.818,57.162,57.502,57.839,58.143,58.423,58.687,58.95,59.2,59.424,9.61,9.82,9.36
E07000007,Wycombe,Buckinghamshire ,71.904,72.518,73.098,73.672,74.223,74.776,75.342,75.882,76.425,76.944,77.461,77.986,78.494,79.003,79.477,79.942,80.413,80.875,81.361,81.85,82.332,82.8,11.4,11.43,11.48
E07000128,Wyre,Lancashire ,49.216,49.507,49.794,50.069,50.342,50.603,50.864,51.127,51.396,51.668,51.928,52.171,52.422,52.659,52.869,53.084,53.281,53.488,53.689,53.884,54.074,54.25,6.04,6.5,6.68
E07000239,Wyre Forest,Worcestershire ,44.354,44.585,44.771,44.976,45.186,45.387,45.599,45.779,45.97,46.158,46.344,46.54,46.708,46.877,47.052,47.202,47.35,47.467,47.582,47.691,47.8,47.899,7.12,8.26,7.79
E06000014,York UA,N/a,89.966,90.829,91.691,92.527,93.331,94.116,94.93,95.75,96.582,97.418,98.239,99.027,99.817,100.616,101.389,102.1,102.774,103.451,104.156,104.867,105.562,106.222,8.21,8.86,8.62
